,Count (all),Count 90+,Count 90-,% of 90+ wines,% of 90- wines,P(90+ | keyword),NB log-ratio,SVM weight
FULL-BODIED,19,19,0,3.718,0.0,1.0,2.748,1.829
GRACE,12,12,0,2.348,0.0,1.0,2.173,1.0
DENSE,20,20,0,3.914,0.0,1.0,2.866,0.322
HARMONY,22,22,0,4.305,0.0,1.0,2.92,1.0
HAZELNUT,10,10,0,1.957,0.0,1.0,1.921,0.853
POWER,41,41,0,8.023,0.0,1.0,3.502,1.531
DARK,13,13,0,2.544,0.0,1.0,2.46,1.224
BEAUTY,39,39,0,7.632,0.0,1.0,3.441,1.138
BLACK OLIVE,10,10,0,1.957,0.0,1.0,2.055,0.285
GORGEOUS,22,22,0,4.305,0.0,1.0,3.066,0.615
FINESSE,11,11,0,2.153,0.0,1.0,2.373,1.032
LONG,116,114,2,22.309,0.401,0.983,3.399,1.564
INTENSE,44,43,1,8.415,0.2,0.977,2.866,0.545
CONCENTRATED,36,35,1,6.849,0.2,0.972,2.748,1.373
ELEGANT,33,32,1,6.262,0.2,0.97,3.271,1.448
DEPTH,31,30,1,5.871,0.2,0.968,2.54,0.929
HONEY,56,54,2,10.568,0.401,0.964,2.614,1.05
EXPRESSIVE,23,22,1,4.305,0.2,0.957,2.227,1.098
COMPLEX,35,33,2,6.458,0.401,0.943,2.173,0.934
FINE,17,16,1,3.131,0.2,0.941,2.055,1.09
